{
    "id": "optimus_prasu",
    "version": 2,
    "name": "Optimus Prasu",
    "inherits": "fdmprinter",
    "metadata": {
        "visible": true,
        "author": "C.V.L",
        "manufacturer": "FebtopTech",
        "category": "Other",
        "file_formats": "text/x-gcode",
        "icon": "icon_ultimaker2",
        "platform_offset": [0, 0, 0],
        "first_start_actions": ["DiscoverOPTAction","CNCLeaderAction" ],
        "supported_actions": [ "DiscoverOPTAction","CNCLeaderAction"  ]
    },
    "overrides": {
        "machine_width": {
            "default_value": 400
        },
        "machine_height": {
            "default_value": 450
        },
        "machine_depth": {
            "default_value": 400
        },
        "machine_center_is_zero": {
            "default_value": true
        },
        "machine_nozzle_size": {
            "default_value": 0.8
        },
        "material_diameter": {
            "default_value": 1.75
        },
        "machine_nozzle_heat_up_speed": {
            "default_value": 2
        },
        "machine_nozzle_cool_down_speed": {
            "default_value": 2
        },
        "machine_gcode_flavor": {
            "default_value": "RepRap (Marlin/Sprinter)"
        },
        "machine_start_gcode": {
            "default_value": "G21 ;metric values\nG90 ;absolute positioning\nM82 ;set extruder to absolute mode\nM107 ;start with the fan off\nG28 ;Home all axes (max endstops)\nG31 J160\nG92 E0 ;zero the extruded length\nG1 F200 E-3 ;extrude 3mm of feed stock\nG92 E0 ;zero the extruded length again\nG1 X0 Y0 F4000\nG1 Z100 F2000\nG30 Z0\nG92 Z2.6\nM375\nG1 Z20 F3000\nG1 X0 Y-80 Z3 F4000\nG92 E0;zero the extruded length\nG1 E15 F200;extrude 3mm of feed stock\nG92 E0;zero the extruded length again\n" },
        "machine_end_gcode": {
            "default_value": "M104 S0 ; turn off temperature\nG28 ; home all axes\nM84 ; disable motors\n"
        },
        "machine_shape": {
            "default_value": "rectangular"
        }
            }
}
